time_ns,joint_name,hardware_position,ros_position,error
1783419904477807599,base_to_cylinder_joint,,,
1783419904477807599,cylinder_to_arm1_joint,,,
1783419904477807599,arm_link1_to_arm2_joint,,,
1783419904477807599,arm_link2_to_arm3_joint,,,
1783419904477807599,arm_link3_to_arm4_joint,,,
1783419904477807599,arm_link4_to_armFork_joint,,,
1783419904519095570,base_to_cylinder_joint,,,
1783419904519095570,cylinder_to_arm1_joint,,,
1783419904519095570,arm_link1_to_arm2_joint,,,
1783419904519095570,arm_link2_to_arm3_joint,,,
1783419904519095570,arm_link3_to_arm4_joint,,,
1783419904519095570,arm_link4_to_armFork_joint,,,
1783419904619041182,base_to_cylinder_joint,,,
1783419904619041182,cylinder_to_arm1_joint,,,
1783419904619041182,arm_link1_to_arm2_joint,,,
1783419904619041182,arm_link2_to_arm3_joint,,,
1783419904619041182,arm_link3_to_arm4_joint,,,
1783419904619041182,arm_link4_to_armFork_joint,,,
1783419904719033567,base_to_cylinder_joint,,,
1783419904719033567,cylinder_to_arm1_joint,,,
1783419904719033567,arm_link1_to_arm2_joint,,,
1783419904719033567,arm_link2_to_arm3_joint,,,
1783419904719033567,arm_link3_to_arm4_joint,,,
1783419904719033567,arm_link4_to_armFork_joint,,,
1783419904819015991,base_to_cylinder_joint,,,
1783419904819015991,cylinder_to_arm1_joint,,,
1783419904819015991,arm_link1_to_arm2_joint,,,
1783419904819015991,arm_link2_to_arm3_joint,,,
1783419904819015991,arm_link3_to_arm4_joint,,,
1783419904819015991,arm_link4_to_armFork_joint,,,
1783419904919021021,base_to_cylinder_joint,,,
1783419904919021021,cylinder_to_arm1_joint,,,
1783419904919021021,arm_link1_to_arm2_joint,,,
1783419904919021021,arm_link2_to_arm3_joint,,,
1783419904919021021,arm_link3_to_arm4_joint,,,
1783419904919021021,arm_link4_to_armFork_joint,,,
1783419905019039269,base_to_cylinder_joint,,,
1783419905019039269,cylinder_to_arm1_joint,,,
1783419905019039269,arm_link1_to_arm2_joint,,,
1783419905019039269,arm_link2_to_arm3_joint,,,
1783419905019039269,arm_link3_to_arm4_joint,,,
1783419905019039269,arm_link4_to_armFork_joint,,,
1783419905119046691,base_to_cylinder_joint,,,
1783419905119046691,cylinder_to_arm1_joint,,,
1783419905119046691,arm_link1_to_arm2_joint,,,
1783419905119046691,arm_link2_to_arm3_joint,,,
1783419905119046691,arm_link3_to_arm4_joint,,,
1783419905119046691,arm_link4_to_armFork_joint,,,
1783419905219094587,base_to_cylinder_joint,,,
1783419905219094587,cylinder_to_arm1_joint,,,
1783419905219094587,arm_link1_to_arm2_joint,,,
1783419905219094587,arm_link2_to_arm3_joint,,,
1783419905219094587,arm_link3_to_arm4_joint,,,
1783419905219094587,arm_link4_to_armFork_joint,,,
1783419905319046998,base_to_cylinder_joint,,,
1783419905319046998,cylinder_to_arm1_joint,,,
1783419905319046998,arm_link1_to_arm2_joint,,,
1783419905319046998,arm_link2_to_arm3_joint,,,
1783419905319046998,arm_link3_to_arm4_joint,,,
1783419905319046998,arm_link4_to_armFork_joint,,,
1783419905419041253,base_to_cylinder_joint,,,
1783419905419041253,cylinder_to_arm1_joint,,,
1783419905419041253,arm_link1_to_arm2_joint,,,
1783419905419041253,arm_link2_to_arm3_joint,,,
1783419905419041253,arm_link3_to_arm4_joint,,,
1783419905419041253,arm_link4_to_armFork_joint,,,
1783419905519054340,base_to_cylinder_joint,,,
1783419905519054340,cylinder_to_arm1_joint,,,
1783419905519054340,arm_link1_to_arm2_joint,,,
1783419905519054340,arm_link2_to_arm3_joint,,,
1783419905519054340,arm_link3_to_arm4_joint,,,
1783419905519054340,arm_link4_to_armFork_joint,,,
1783419905619044149,base_to_cylinder_joint,,,
1783419905619044149,cylinder_to_arm1_joint,,,
1783419905619044149,arm_link1_to_arm2_joint,,,
1783419905619044149,arm_link2_to_arm3_joint,,,
1783419905619044149,arm_link3_to_arm4_joint,,,
1783419905619044149,arm_link4_to_armFork_joint,,,
1783419905719081109,base_to_cylinder_joint,,,
1783419905719081109,cylinder_to_arm1_joint,,,
1783419905719081109,arm_link1_to_arm2_joint,,,
1783419905719081109,arm_link2_to_arm3_joint,,,
1783419905719081109,arm_link3_to_arm4_joint,,,
1783419905719081109,arm_link4_to_armFork_joint,,,
1783419905819034428,base_to_cylinder_joint,,,
1783419905819034428,cylinder_to_arm1_joint,,,
1783419905819034428,arm_link1_to_arm2_joint,,,
1783419905819034428,arm_link2_to_arm3_joint,,,
1783419905819034428,arm_link3_to_arm4_joint,,,
1783419905819034428,arm_link4_to_armFork_joint,,,
1783419905919101370,base_to_cylinder_joint,,,
1783419905919101370,cylinder_to_arm1_joint,,,
1783419905919101370,arm_link1_to_arm2_joint,,,
1783419905919101370,arm_link2_to_arm3_joint,,,
1783419905919101370,arm_link3_to_arm4_joint,,,
1783419905919101370,arm_link4_to_armFork_joint,,,
1783419906019047729,base_to_cylinder_joint,,,
1783419906019047729,cylinder_to_arm1_joint,,,
1783419906019047729,arm_link1_to_arm2_joint,,,
1783419906019047729,arm_link2_to_arm3_joint,,,
1783419906019047729,arm_link3_to_arm4_joint,,,
1783419906019047729,arm_link4_to_armFork_joint,,,
1783419906119072837,base_to_cylinder_joint,,,
1783419906119072837,cylinder_to_arm1_joint,,,
1783419906119072837,arm_link1_to_arm2_joint,,,
1783419906119072837,arm_link2_to_arm3_joint,,,
1783419906119072837,arm_link3_to_arm4_joint,,,
1783419906119072837,arm_link4_to_armFork_joint,,,
1783419906220801092,base_to_cylinder_joint,,,
1783419906220801092,cylinder_to_arm1_joint,,,
1783419906220801092,arm_link1_to_arm2_joint,,,
1783419906220801092,arm_link2_to_arm3_joint,,,
1783419906220801092,arm_link3_to_arm4_joint,,,
1783419906220801092,arm_link4_to_armFork_joint,,,
1783419906319088182,base_to_cylinder_joint,,,
1783419906319088182,cylinder_to_arm1_joint,,,
1783419906319088182,arm_link1_to_arm2_joint,,,
1783419906319088182,arm_link2_to_arm3_joint,,,
1783419906319088182,arm_link3_to_arm4_joint,,,
1783419906319088182,arm_link4_to_armFork_joint,,,
1783419906419141065,base_to_cylinder_joint,,,
1783419906419141065,cylinder_to_arm1_joint,,,
1783419906419141065,arm_link1_to_arm2_joint,,,
1783419906419141065,arm_link2_to_arm3_joint,,,
1783419906419141065,arm_link3_to_arm4_joint,,,
1783419906419141065,arm_link4_to_armFork_joint,,,
1783419906519068914,base_to_cylinder_joint,,,
1783419906519068914,cylinder_to_arm1_joint,,,
1783419906519068914,arm_link1_to_arm2_joint,,,
1783419906519068914,arm_link2_to_arm3_joint,,,
1783419906519068914,arm_link3_to_arm4_joint,,,
1783419906519068914,arm_link4_to_armFork_joint,,,
1783419906619065235,base_to_cylinder_joint,,,
1783419906619065235,cylinder_to_arm1_joint,,,
1783419906619065235,arm_link1_to_arm2_joint,,,
1783419906619065235,arm_link2_to_arm3_joint,,,
1783419906619065235,arm_link3_to_arm4_joint,,,
1783419906619065235,arm_link4_to_armFork_joint,,,
1783419906719242494,base_to_cylinder_joint,,,
1783419906719242494,cylinder_to_arm1_joint,,,
1783419906719242494,arm_link1_to_arm2_joint,,,
1783419906719242494,arm_link2_to_arm3_joint,,,
1783419906719242494,arm_link3_to_arm4_joint,,,
1783419906719242494,arm_link4_to_armFork_joint,,,
1783419906819058253,base_to_cylinder_joint,,,
1783419906819058253,cylinder_to_arm1_joint,,,
1783419906819058253,arm_link1_to_arm2_joint,,,
1783419906819058253,arm_link2_to_arm3_joint,,,
1783419906819058253,arm_link3_to_arm4_joint,,,
1783419906819058253,arm_link4_to_armFork_joint,,,
1783419906919039773,base_to_cylinder_joint,,,
1783419906919039773,cylinder_to_arm1_joint,,,
1783419906919039773,arm_link1_to_arm2_joint,,,
1783419906919039773,arm_link2_to_arm3_joint,,,
1783419906919039773,arm_link3_to_arm4_joint,,,
1783419906919039773,arm_link4_to_armFork_joint,,,
1783419907019071620,base_to_cylinder_joint,,,
1783419907019071620,cylinder_to_arm1_joint,,,
1783419907019071620,arm_link1_to_arm2_joint,,,
1783419907019071620,arm_link2_to_arm3_joint,,,
1783419907019071620,arm_link3_to_arm4_joint,,,
1783419907019071620,arm_link4_to_armFork_joint,,,
1783419907119096642,base_to_cylinder_joint,,,
1783419907119096642,cylinder_to_arm1_joint,,,
1783419907119096642,arm_link1_to_arm2_joint,,,
1783419907119096642,arm_link2_to_arm3_joint,,,
1783419907119096642,arm_link3_to_arm4_joint,,,
1783419907119096642,arm_link4_to_armFork_joint,,,
1783419907219075706,base_to_cylinder_joint,,,
1783419907219075706,cylinder_to_arm1_joint,,,
1783419907219075706,arm_link1_to_arm2_joint,,,
1783419907219075706,arm_link2_to_arm3_joint,,,
1783419907219075706,arm_link3_to_arm4_joint,,,
1783419907219075706,arm_link4_to_armFork_joint,,,
1783419907319053831,base_to_cylinder_joint,,,
1783419907319053831,cylinder_to_arm1_joint,,,
1783419907319053831,arm_link1_to_arm2_joint,,,
1783419907319053831,arm_link2_to_arm3_joint,,,
1783419907319053831,arm_link3_to_arm4_joint,,,
1783419907319053831,arm_link4_to_armFork_joint,,,
1783419907419052252,base_to_cylinder_joint,,,
1783419907419052252,cylinder_to_arm1_joint,,,
1783419907419052252,arm_link1_to_arm2_joint,,,
1783419907419052252,arm_link2_to_arm3_joint,,,
1783419907419052252,arm_link3_to_arm4_joint,,,
1783419907419052252,arm_link4_to_armFork_joint,,,
1783419907519083725,base_to_cylinder_joint,,,
1783419907519083725,cylinder_to_arm1_joint,,,
1783419907519083725,arm_link1_to_arm2_joint,,,
1783419907519083725,arm_link2_to_arm3_joint,,,
1783419907519083725,arm_link3_to_arm4_joint,,,
1783419907519083725,arm_link4_to_armFork_joint,,,
1783419907619027483,base_to_cylinder_joint,,,
1783419907619027483,cylinder_to_arm1_joint,,,
1783419907619027483,arm_link1_to_arm2_joint,,,
1783419907619027483,arm_link2_to_arm3_joint,,,
1783419907619027483,arm_link3_to_arm4_joint,,,
1783419907619027483,arm_link4_to_armFork_joint,,,
1783419907719067150,base_to_cylinder_joint,,,
1783419907719067150,cylinder_to_arm1_joint,,,
1783419907719067150,arm_link1_to_arm2_joint,,,
1783419907719067150,arm_link2_to_arm3_joint,,,
1783419907719067150,arm_link3_to_arm4_joint,,,
1783419907719067150,arm_link4_to_armFork_joint,,,
1783419907819051976,base_to_cylinder_joint,,,
1783419907819051976,cylinder_to_arm1_joint,,,
1783419907819051976,arm_link1_to_arm2_joint,,,
1783419907819051976,arm_link2_to_arm3_joint,,,
1783419907819051976,arm_link3_to_arm4_joint,,,
1783419907819051976,arm_link4_to_armFork_joint,,,
1783419907919313917,base_to_cylinder_joint,,,
1783419907919313917,cylinder_to_arm1_joint,,,
1783419907919313917,arm_link1_to_arm2_joint,,,
1783419907919313917,arm_link2_to_arm3_joint,,,
1783419907919313917,arm_link3_to_arm4_joint,,,
1783419907919313917,arm_link4_to_armFork_joint,,,
1783419908019191560,base_to_cylinder_joint,,,
1783419908019191560,cylinder_to_arm1_joint,,,
1783419908019191560,arm_link1_to_arm2_joint,,,
1783419908019191560,arm_link2_to_arm3_joint,,,
1783419908019191560,arm_link3_to_arm4_joint,,,
1783419908019191560,arm_link4_to_armFork_joint,,,
1783419908119075830,base_to_cylinder_joint,,,
1783419908119075830,cylinder_to_arm1_joint,,,
1783419908119075830,arm_link1_to_arm2_joint,,,
1783419908119075830,arm_link2_to_arm3_joint,,,
1783419908119075830,arm_link3_to_arm4_joint,,,
1783419908119075830,arm_link4_to_armFork_joint,,,
1783419908219031823,base_to_cylinder_joint,,,
1783419908219031823,cylinder_to_arm1_joint,,,
1783419908219031823,arm_link1_to_arm2_joint,,,
1783419908219031823,arm_link2_to_arm3_joint,,,
1783419908219031823,arm_link3_to_arm4_joint,,,
1783419908219031823,arm_link4_to_armFork_joint,,,
1783419908319089823,base_to_cylinder_joint,,,
1783419908319089823,cylinder_to_arm1_joint,,,
1783419908319089823,arm_link1_to_arm2_joint,,,
1783419908319089823,arm_link2_to_arm3_joint,,,
1783419908319089823,arm_link3_to_arm4_joint,,,
1783419908319089823,arm_link4_to_armFork_joint,,,
1783419908419056555,base_to_cylinder_joint,,,
1783419908419056555,cylinder_to_arm1_joint,,,
1783419908419056555,arm_link1_to_arm2_joint,,,
1783419908419056555,arm_link2_to_arm3_joint,,,
1783419908419056555,arm_link3_to_arm4_joint,,,
1783419908419056555,arm_link4_to_armFork_joint,,,
1783419908519027691,base_to_cylinder_joint,,,
1783419908519027691,cylinder_to_arm1_joint,,,
1783419908519027691,arm_link1_to_arm2_joint,,,
1783419908519027691,arm_link2_to_arm3_joint,,,
1783419908519027691,arm_link3_to_arm4_joint,,,
1783419908519027691,arm_link4_to_armFork_joint,,,
1783419908619050234,base_to_cylinder_joint,,,
1783419908619050234,cylinder_to_arm1_joint,,,
1783419908619050234,arm_link1_to_arm2_joint,,,
1783419908619050234,arm_link2_to_arm3_joint,,,
1783419908619050234,arm_link3_to_arm4_joint,,,
1783419908619050234,arm_link4_to_armFork_joint,,,
1783419908719021765,base_to_cylinder_joint,,,
1783419908719021765,cylinder_to_arm1_joint,,,
1783419908719021765,arm_link1_to_arm2_joint,,,
1783419908719021765,arm_link2_to_arm3_joint,,,
1783419908719021765,arm_link3_to_arm4_joint,,,
1783419908719021765,arm_link4_to_armFork_joint,,,
1783419908819044615,base_to_cylinder_joint,,,
1783419908819044615,cylinder_to_arm1_joint,,,
1783419908819044615,arm_link1_to_arm2_joint,,,
1783419908819044615,arm_link2_to_arm3_joint,,,
1783419908819044615,arm_link3_to_arm4_joint,,,
1783419908819044615,arm_link4_to_armFork_joint,,,
1783419908919855235,base_to_cylinder_joint,,,
1783419908919855235,cylinder_to_arm1_joint,,,
1783419908919855235,arm_link1_to_arm2_joint,,,
1783419908919855235,arm_link2_to_arm3_joint,,,
1783419908919855235,arm_link3_to_arm4_joint,,,
1783419908919855235,arm_link4_to_armFork_joint,,,
1783419909023257414,base_to_cylinder_joint,,,
1783419909023257414,cylinder_to_arm1_joint,,,
1783419909023257414,arm_link1_to_arm2_joint,,,
1783419909023257414,arm_link2_to_arm3_joint,,,
1783419909023257414,arm_link3_to_arm4_joint,,,
1783419909023257414,arm_link4_to_armFork_joint,,,
1783419909119047705,base_to_cylinder_joint,,,
1783419909119047705,cylinder_to_arm1_joint,,,
1783419909119047705,arm_link1_to_arm2_joint,,,
1783419909119047705,arm_link2_to_arm3_joint,,,
1783419909119047705,arm_link3_to_arm4_joint,,,
1783419909119047705,arm_link4_to_armFork_joint,,,
1783419909219030562,base_to_cylinder_joint,,,
1783419909219030562,cylinder_to_arm1_joint,,,
1783419909219030562,arm_link1_to_arm2_joint,,,
1783419909219030562,arm_link2_to_arm3_joint,,,
1783419909219030562,arm_link3_to_arm4_joint,,,
1783419909219030562,arm_link4_to_armFork_joint,,,
1783419909319034540,base_to_cylinder_joint,,,
1783419909319034540,cylinder_to_arm1_joint,,,
1783419909319034540,arm_link1_to_arm2_joint,,,
1783419909319034540,arm_link2_to_arm3_joint,,,
1783419909319034540,arm_link3_to_arm4_joint,,,
1783419909319034540,arm_link4_to_armFork_joint,,,
1783419909419063729,base_to_cylinder_joint,,,
1783419909419063729,cylinder_to_arm1_joint,,,
1783419909419063729,arm_link1_to_arm2_joint,,,
1783419909419063729,arm_link2_to_arm3_joint,,,
1783419909419063729,arm_link3_to_arm4_joint,,,
1783419909419063729,arm_link4_to_armFork_joint,,,
1783419909519547896,base_to_cylinder_joint,,,
1783419909519547896,cylinder_to_arm1_joint,,,
1783419909519547896,arm_link1_to_arm2_joint,,,
1783419909519547896,arm_link2_to_arm3_joint,,,
1783419909519547896,arm_link3_to_arm4_joint,,,
1783419909519547896,arm_link4_to_armFork_joint,,,
1783419909621102070,base_to_cylinder_joint,,,
1783419909621102070,cylinder_to_arm1_joint,,,
1783419909621102070,arm_link1_to_arm2_joint,,,
1783419909621102070,arm_link2_to_arm3_joint,,,
1783419909621102070,arm_link3_to_arm4_joint,,,
1783419909621102070,arm_link4_to_armFork_joint,,,
1783419909719052624,base_to_cylinder_joint,,,
1783419909719052624,cylinder_to_arm1_joint,,,
1783419909719052624,arm_link1_to_arm2_joint,,,
1783419909719052624,arm_link2_to_arm3_joint,,,
1783419909719052624,arm_link3_to_arm4_joint,,,
1783419909719052624,arm_link4_to_armFork_joint,,,
1783419909819025299,base_to_cylinder_joint,,,
1783419909819025299,cylinder_to_arm1_joint,,,
1783419909819025299,arm_link1_to_arm2_joint,,,
1783419909819025299,arm_link2_to_arm3_joint,,,
1783419909819025299,arm_link3_to_arm4_joint,,,
1783419909819025299,arm_link4_to_armFork_joint,,,
1783419909919022539,base_to_cylinder_joint,,,
1783419909919022539,cylinder_to_arm1_joint,,,
1783419909919022539,arm_link1_to_arm2_joint,,,
1783419909919022539,arm_link2_to_arm3_joint,,,
1783419909919022539,arm_link3_to_arm4_joint,,,
1783419909919022539,arm_link4_to_armFork_joint,,,
1783419910019016368,base_to_cylinder_joint,,,
1783419910019016368,cylinder_to_arm1_joint,,,
1783419910019016368,arm_link1_to_arm2_joint,,,
1783419910019016368,arm_link2_to_arm3_joint,,,
1783419910019016368,arm_link3_to_arm4_joint,,,
1783419910019016368,arm_link4_to_armFork_joint,,,
1783419910119022061,base_to_cylinder_joint,,,
1783419910119022061,cylinder_to_arm1_joint,,,
1783419910119022061,arm_link1_to_arm2_joint,,,
1783419910119022061,arm_link2_to_arm3_joint,,,
1783419910119022061,arm_link3_to_arm4_joint,,,
1783419910119022061,arm_link4_to_armFork_joint,,,
1783419910219034354,base_to_cylinder_joint,,,
1783419910219034354,cylinder_to_arm1_joint,,,
1783419910219034354,arm_link1_to_arm2_joint,,,
1783419910219034354,arm_link2_to_arm3_joint,,,
1783419910219034354,arm_link3_to_arm4_joint,,,
1783419910219034354,arm_link4_to_armFork_joint,,,
1783419910319036575,base_to_cylinder_joint,,,
1783419910319036575,cylinder_to_arm1_joint,,,
1783419910319036575,arm_link1_to_arm2_joint,,,
1783419910319036575,arm_link2_to_arm3_joint,,,
1783419910319036575,arm_link3_to_arm4_joint,,,
1783419910319036575,arm_link4_to_armFork_joint,,,
1783419910419048654,base_to_cylinder_joint,,,
1783419910419048654,cylinder_to_arm1_joint,,,
1783419910419048654,arm_link1_to_arm2_joint,,,
1783419910419048654,arm_link2_to_arm3_joint,,,
1783419910419048654,arm_link3_to_arm4_joint,,,
1783419910419048654,arm_link4_to_armFork_joint,,,
1783419910519042953,base_to_cylinder_joint,,,
1783419910519042953,cylinder_to_arm1_joint,,,
1783419910519042953,arm_link1_to_arm2_joint,,,
1783419910519042953,arm_link2_to_arm3_joint,,,
1783419910519042953,arm_link3_to_arm4_joint,,,
1783419910519042953,arm_link4_to_armFork_joint,,,
1783419910619016924,base_to_cylinder_joint,,,
1783419910619016924,cylinder_to_arm1_joint,,,
1783419910619016924,arm_link1_to_arm2_joint,,,
1783419910619016924,arm_link2_to_arm3_joint,,,
1783419910619016924,arm_link3_to_arm4_joint,,,
1783419910619016924,arm_link4_to_armFork_joint,,,
1783419910719040397,base_to_cylinder_joint,,,
1783419910719040397,cylinder_to_arm1_joint,,,
1783419910719040397,arm_link1_to_arm2_joint,,,
1783419910719040397,arm_link2_to_arm3_joint,,,
1783419910719040397,arm_link3_to_arm4_joint,,,
1783419910719040397,arm_link4_to_armFork_joint,,,
1783419910819052391,base_to_cylinder_joint,,,
1783419910819052391,cylinder_to_arm1_joint,,,
1783419910819052391,arm_link1_to_arm2_joint,,,
1783419910819052391,arm_link2_to_arm3_joint,,,
1783419910819052391,arm_link3_to_arm4_joint,,,
1783419910819052391,arm_link4_to_armFork_joint,,,
1783419910919058795,base_to_cylinder_joint,,,
1783419910919058795,cylinder_to_arm1_joint,,,
1783419910919058795,arm_link1_to_arm2_joint,,,
1783419910919058795,arm_link2_to_arm3_joint,,,
1783419910919058795,arm_link3_to_arm4_joint,,,
1783419910919058795,arm_link4_to_armFork_joint,,,
1783419911019057898,base_to_cylinder_joint,,,
1783419911019057898,cylinder_to_arm1_joint,,,
1783419911019057898,arm_link1_to_arm2_joint,,,
1783419911019057898,arm_link2_to_arm3_joint,,,
1783419911019057898,arm_link3_to_arm4_joint,,,
1783419911019057898,arm_link4_to_armFork_joint,,,
1783419911119038326,base_to_cylinder_joint,,,
1783419911119038326,cylinder_to_arm1_joint,,,
1783419911119038326,arm_link1_to_arm2_joint,,,
1783419911119038326,arm_link2_to_arm3_joint,,,
1783419911119038326,arm_link3_to_arm4_joint,,,
1783419911119038326,arm_link4_to_armFork_joint,,,
1783419911219038896,base_to_cylinder_joint,,,
1783419911219038896,cylinder_to_arm1_joint,,,
1783419911219038896,arm_link1_to_arm2_joint,,,
1783419911219038896,arm_link2_to_arm3_joint,,,
1783419911219038896,arm_link3_to_arm4_joint,,,
1783419911219038896,arm_link4_to_armFork_joint,,,
1783419911319083006,base_to_cylinder_joint,,,
1783419911319083006,cylinder_to_arm1_joint,,,
1783419911319083006,arm_link1_to_arm2_joint,,,
1783419911319083006,arm_link2_to_arm3_joint,,,
1783419911319083006,arm_link3_to_arm4_joint,,,
1783419911319083006,arm_link4_to_armFork_joint,,,
1783419911419044339,base_to_cylinder_joint,,,
1783419911419044339,cylinder_to_arm1_joint,,,
1783419911419044339,arm_link1_to_arm2_joint,,,
1783419911419044339,arm_link2_to_arm3_joint,,,
1783419911419044339,arm_link3_to_arm4_joint,,,
1783419911419044339,arm_link4_to_armFork_joint,,,
1783419911519062621,base_to_cylinder_joint,,,
1783419911519062621,cylinder_to_arm1_joint,,,
1783419911519062621,arm_link1_to_arm2_joint,,,
1783419911519062621,arm_link2_to_arm3_joint,,,
1783419911519062621,arm_link3_to_arm4_joint,,,
1783419911519062621,arm_link4_to_armFork_joint,,,
1783419911619075753,base_to_cylinder_joint,,,
1783419911619075753,cylinder_to_arm1_joint,,,
1783419911619075753,arm_link1_to_arm2_joint,,,
1783419911619075753,arm_link2_to_arm3_joint,,,
1783419911619075753,arm_link3_to_arm4_joint,,,
1783419911619075753,arm_link4_to_armFork_joint,,,
1783419911719075292,base_to_cylinder_joint,,,
1783419911719075292,cylinder_to_arm1_joint,,,
1783419911719075292,arm_link1_to_arm2_joint,,,
1783419911719075292,arm_link2_to_arm3_joint,,,
1783419911719075292,arm_link3_to_arm4_joint,,,
1783419911719075292,arm_link4_to_armFork_joint,,,
1783419911819068610,base_to_cylinder_joint,,,
1783419911819068610,cylinder_to_arm1_joint,,,
1783419911819068610,arm_link1_to_arm2_joint,,,
1783419911819068610,arm_link2_to_arm3_joint,,,
1783419911819068610,arm_link3_to_arm4_joint,,,
1783419911819068610,arm_link4_to_armFork_joint,,,
1783419911919124917,base_to_cylinder_joint,,,
1783419911919124917,cylinder_to_arm1_joint,,,
1783419911919124917,arm_link1_to_arm2_joint,,,
1783419911919124917,arm_link2_to_arm3_joint,,,
1783419911919124917,arm_link3_to_arm4_joint,,,
1783419911919124917,arm_link4_to_armFork_joint,,,
1783419912019034608,base_to_cylinder_joint,,,
1783419912019034608,cylinder_to_arm1_joint,,,
1783419912019034608,arm_link1_to_arm2_joint,,,
1783419912019034608,arm_link2_to_arm3_joint,,,
1783419912019034608,arm_link3_to_arm4_joint,,,
1783419912019034608,arm_link4_to_armFork_joint,,,
1783419912119081221,base_to_cylinder_joint,,,
1783419912119081221,cylinder_to_arm1_joint,,,
1783419912119081221,arm_link1_to_arm2_joint,,,
1783419912119081221,arm_link2_to_arm3_joint,,,
1783419912119081221,arm_link3_to_arm4_joint,,,
1783419912119081221,arm_link4_to_armFork_joint,,,
1783419912219058329,base_to_cylinder_joint,,,
1783419912219058329,cylinder_to_arm1_joint,,,
1783419912219058329,arm_link1_to_arm2_joint,,,
1783419912219058329,arm_link2_to_arm3_joint,,,
1783419912219058329,arm_link3_to_arm4_joint,,,
1783419912219058329,arm_link4_to_armFork_joint,,,
1783419912319035378,base_to_cylinder_joint,,,
1783419912319035378,cylinder_to_arm1_joint,,,
1783419912319035378,arm_link1_to_arm2_joint,,,
1783419912319035378,arm_link2_to_arm3_joint,,,
1783419912319035378,arm_link3_to_arm4_joint,,,
1783419912319035378,arm_link4_to_armFork_joint,,,
1783419912419011191,base_to_cylinder_joint,,,
1783419912419011191,cylinder_to_arm1_joint,,,
1783419912419011191,arm_link1_to_arm2_joint,,,
1783419912419011191,arm_link2_to_arm3_joint,,,
1783419912419011191,arm_link3_to_arm4_joint,,,
1783419912419011191,arm_link4_to_armFork_joint,,,
1783419912519034366,base_to_cylinder_joint,,,
1783419912519034366,cylinder_to_arm1_joint,,,
1783419912519034366,arm_link1_to_arm2_joint,,,
1783419912519034366,arm_link2_to_arm3_joint,,,
1783419912519034366,arm_link3_to_arm4_joint,,,
1783419912519034366,arm_link4_to_armFork_joint,,,
1783419912619036383,base_to_cylinder_joint,,,
1783419912619036383,cylinder_to_arm1_joint,,,
1783419912619036383,arm_link1_to_arm2_joint,,,
1783419912619036383,arm_link2_to_arm3_joint,,,
1783419912619036383,arm_link3_to_arm4_joint,,,
1783419912619036383,arm_link4_to_armFork_joint,,,
1783419912719080262,base_to_cylinder_joint,,,
1783419912719080262,cylinder_to_arm1_joint,,,
1783419912719080262,arm_link1_to_arm2_joint,,,
1783419912719080262,arm_link2_to_arm3_joint,,,
1783419912719080262,arm_link3_to_arm4_joint,,,
1783419912719080262,arm_link4_to_armFork_joint,,,
1783419912819125692,base_to_cylinder_joint,,,
1783419912819125692,cylinder_to_arm1_joint,,,
1783419912819125692,arm_link1_to_arm2_joint,,,
1783419912819125692,arm_link2_to_arm3_joint,,,
1783419912819125692,arm_link3_to_arm4_joint,,,
1783419912819125692,arm_link4_to_armFork_joint,,,
1783419912919132439,base_to_cylinder_joint,,,
1783419912919132439,cylinder_to_arm1_joint,,,
1783419912919132439,arm_link1_to_arm2_joint,,,
1783419912919132439,arm_link2_to_arm3_joint,,,
1783419912919132439,arm_link3_to_arm4_joint,,,
1783419912919132439,arm_link4_to_armFork_joint,,,
1783419913019165243,base_to_cylinder_joint,,,
1783419913019165243,cylinder_to_arm1_joint,,,
1783419913019165243,arm_link1_to_arm2_joint,,,
1783419913019165243,arm_link2_to_arm3_joint,,,
1783419913019165243,arm_link3_to_arm4_joint,,,
1783419913019165243,arm_link4_to_armFork_joint,,,
1783419913119245735,base_to_cylinder_joint,,,
1783419913119245735,cylinder_to_arm1_joint,,,
1783419913119245735,arm_link1_to_arm2_joint,,,
1783419913119245735,arm_link2_to_arm3_joint,,,
1783419913119245735,arm_link3_to_arm4_joint,,,
1783419913119245735,arm_link4_to_armFork_joint,,,
1783419913219095676,base_to_cylinder_joint,,,
1783419913219095676,cylinder_to_arm1_joint,,,
1783419913219095676,arm_link1_to_arm2_joint,,,
1783419913219095676,arm_link2_to_arm3_joint,,,
1783419913219095676,arm_link3_to_arm4_joint,,,
1783419913219095676,arm_link4_to_armFork_joint,,,
1783419913319054758,base_to_cylinder_joint,,,
1783419913319054758,cylinder_to_arm1_joint,,,
1783419913319054758,arm_link1_to_arm2_joint,,,
1783419913319054758,arm_link2_to_arm3_joint,,,
1783419913319054758,arm_link3_to_arm4_joint,,,
1783419913319054758,arm_link4_to_armFork_joint,,,
1783419913419039116,base_to_cylinder_joint,,,
1783419913419039116,cylinder_to_arm1_joint,,,
1783419913419039116,arm_link1_to_arm2_joint,,,
1783419913419039116,arm_link2_to_arm3_joint,,,
1783419913419039116,arm_link3_to_arm4_joint,,,
1783419913419039116,arm_link4_to_armFork_joint,,,
1783419913519278012,base_to_cylinder_joint,,,
1783419913519278012,cylinder_to_arm1_joint,,,
1783419913519278012,arm_link1_to_arm2_joint,,,
1783419913519278012,arm_link2_to_arm3_joint,,,
1783419913519278012,arm_link3_to_arm4_joint,,,
1783419913519278012,arm_link4_to_armFork_joint,,,
1783419913619048499,base_to_cylinder_joint,,,
1783419913619048499,cylinder_to_arm1_joint,,,
1783419913619048499,arm_link1_to_arm2_joint,,,
1783419913619048499,arm_link2_to_arm3_joint,,,
1783419913619048499,arm_link3_to_arm4_joint,,,
1783419913619048499,arm_link4_to_armFork_joint,,,
1783419913719051306,base_to_cylinder_joint,,,
1783419913719051306,cylinder_to_arm1_joint,,,
1783419913719051306,arm_link1_to_arm2_joint,,,
1783419913719051306,arm_link2_to_arm3_joint,,,
1783419913719051306,arm_link3_to_arm4_joint,,,
1783419913719051306,arm_link4_to_armFork_joint,,,
1783419913819082610,base_to_cylinder_joint,,,
1783419913819082610,cylinder_to_arm1_joint,,,
1783419913819082610,arm_link1_to_arm2_joint,,,
1783419913819082610,arm_link2_to_arm3_joint,,,
1783419913819082610,arm_link3_to_arm4_joint,,,
1783419913819082610,arm_link4_to_armFork_joint,,,
1783419913919106253,base_to_cylinder_joint,,,
1783419913919106253,cylinder_to_arm1_joint,,,
1783419913919106253,arm_link1_to_arm2_joint,,,
1783419913919106253,arm_link2_to_arm3_joint,,,
1783419913919106253,arm_link3_to_arm4_joint,,,
1783419913919106253,arm_link4_to_armFork_joint,,,
1783419914019079872,base_to_cylinder_joint,,,
1783419914019079872,cylinder_to_arm1_joint,,,
1783419914019079872,arm_link1_to_arm2_joint,,,
1783419914019079872,arm_link2_to_arm3_joint,,,
1783419914019079872,arm_link3_to_arm4_joint,,,
1783419914019079872,arm_link4_to_armFork_joint,,,
1783419914119061256,base_to_cylinder_joint,,,
1783419914119061256,cylinder_to_arm1_joint,,,
1783419914119061256,arm_link1_to_arm2_joint,,,
1783419914119061256,arm_link2_to_arm3_joint,,,
1783419914119061256,arm_link3_to_arm4_joint,,,
1783419914119061256,arm_link4_to_armFork_joint,,,
1783419914219039579,base_to_cylinder_joint,,,
1783419914219039579,cylinder_to_arm1_joint,,,
1783419914219039579,arm_link1_to_arm2_joint,,,
1783419914219039579,arm_link2_to_arm3_joint,,,
1783419914219039579,arm_link3_to_arm4_joint,,,
1783419914219039579,arm_link4_to_armFork_joint,,,
1783419914319052997,base_to_cylinder_joint,,,
1783419914319052997,cylinder_to_arm1_joint,,,
1783419914319052997,arm_link1_to_arm2_joint,,,
1783419914319052997,arm_link2_to_arm3_joint,,,
1783419914319052997,arm_link3_to_arm4_joint,,,
1783419914319052997,arm_link4_to_armFork_joint,,,
1783419914420110495,base_to_cylinder_joint,,,
1783419914420110495,cylinder_to_arm1_joint,,,
1783419914420110495,arm_link1_to_arm2_joint,,,
1783419914420110495,arm_link2_to_arm3_joint,,,
1783419914420110495,arm_link3_to_arm4_joint,,,
1783419914420110495,arm_link4_to_armFork_joint,,,
1783419914519027747,base_to_cylinder_joint,,,
1783419914519027747,cylinder_to_arm1_joint,,,
1783419914519027747,arm_link1_to_arm2_joint,,,
1783419914519027747,arm_link2_to_arm3_joint,,,
1783419914519027747,arm_link3_to_arm4_joint,,,
1783419914519027747,arm_link4_to_armFork_joint,,,
1783419914619058016,base_to_cylinder_joint,,,
1783419914619058016,cylinder_to_arm1_joint,,,
1783419914619058016,arm_link1_to_arm2_joint,,,
1783419914619058016,arm_link2_to_arm3_joint,,,
1783419914619058016,arm_link3_to_arm4_joint,,,
1783419914619058016,arm_link4_to_armFork_joint,,,
1783419914719055047,base_to_cylinder_joint,,,
1783419914719055047,cylinder_to_arm1_joint,,,
1783419914719055047,arm_link1_to_arm2_joint,,,
1783419914719055047,arm_link2_to_arm3_joint,,,
1783419914719055047,arm_link3_to_arm4_joint,,,
1783419914719055047,arm_link4_to_armFork_joint,,,
1783419914819058699,base_to_cylinder_joint,,,
1783419914819058699,cylinder_to_arm1_joint,,,
1783419914819058699,arm_link1_to_arm2_joint,,,
1783419914819058699,arm_link2_to_arm3_joint,,,
1783419914819058699,arm_link3_to_arm4_joint,,,
1783419914819058699,arm_link4_to_armFork_joint,,,
1783419914919050624,base_to_cylinder_joint,,,
1783419914919050624,cylinder_to_arm1_joint,,,
1783419914919050624,arm_link1_to_arm2_joint,,,
1783419914919050624,arm_link2_to_arm3_joint,,,
1783419914919050624,arm_link3_to_arm4_joint,,,
1783419914919050624,arm_link4_to_armFork_joint,,,
1783419915019061390,base_to_cylinder_joint,,,
1783419915019061390,cylinder_to_arm1_joint,,,
1783419915019061390,arm_link1_to_arm2_joint,,,
1783419915019061390,arm_link2_to_arm3_joint,,,
1783419915019061390,arm_link3_to_arm4_joint,,,
1783419915019061390,arm_link4_to_armFork_joint,,,
1783419915119094883,base_to_cylinder_joint,,,
1783419915119094883,cylinder_to_arm1_joint,,,
1783419915119094883,arm_link1_to_arm2_joint,,,
1783419915119094883,arm_link2_to_arm3_joint,,,
1783419915119094883,arm_link3_to_arm4_joint,,,
1783419915119094883,arm_link4_to_armFork_joint,,,
1783419915219067858,base_to_cylinder_joint,,,
1783419915219067858,cylinder_to_arm1_joint,,,
1783419915219067858,arm_link1_to_arm2_joint,,,
1783419915219067858,arm_link2_to_arm3_joint,,,
1783419915219067858,arm_link3_to_arm4_joint,,,
1783419915219067858,arm_link4_to_armFork_joint,,,
1783419915319114166,base_to_cylinder_joint,,,
1783419915319114166,cylinder_to_arm1_joint,,,
1783419915319114166,arm_link1_to_arm2_joint,,,
1783419915319114166,arm_link2_to_arm3_joint,,,
1783419915319114166,arm_link3_to_arm4_joint,,,
1783419915319114166,arm_link4_to_armFork_joint,,,
1783419915419084848,base_to_cylinder_joint,,,
1783419915419084848,cylinder_to_arm1_joint,,,
1783419915419084848,arm_link1_to_arm2_joint,,,
1783419915419084848,arm_link2_to_arm3_joint,,,
1783419915419084848,arm_link3_to_arm4_joint,,,
1783419915419084848,arm_link4_to_armFork_joint,,,
1783419915519133507,base_to_cylinder_joint,,,
1783419915519133507,cylinder_to_arm1_joint,,,
1783419915519133507,arm_link1_to_arm2_joint,,,
1783419915519133507,arm_link2_to_arm3_joint,,,
1783419915519133507,arm_link3_to_arm4_joint,,,
1783419915519133507,arm_link4_to_armFork_joint,,,
1783419915619044664,base_to_cylinder_joint,,,
1783419915619044664,cylinder_to_arm1_joint,,,
1783419915619044664,arm_link1_to_arm2_joint,,,
1783419915619044664,arm_link2_to_arm3_joint,,,
1783419915619044664,arm_link3_to_arm4_joint,,,
1783419915619044664,arm_link4_to_armFork_joint,,,
1783419915719326525,base_to_cylinder_joint,,,
1783419915719326525,cylinder_to_arm1_joint,,,
1783419915719326525,arm_link1_to_arm2_joint,,,
1783419915719326525,arm_link2_to_arm3_joint,,,
1783419915719326525,arm_link3_to_arm4_joint,,,
1783419915719326525,arm_link4_to_armFork_joint,,,
1783419915819066199,base_to_cylinder_joint,,,
1783419915819066199,cylinder_to_arm1_joint,,,
1783419915819066199,arm_link1_to_arm2_joint,,,
1783419915819066199,arm_link2_to_arm3_joint,,,
1783419915819066199,arm_link3_to_arm4_joint,,,
1783419915819066199,arm_link4_to_armFork_joint,,,
1783419915919029633,base_to_cylinder_joint,,,
1783419915919029633,cylinder_to_arm1_joint,,,
1783419915919029633,arm_link1_to_arm2_joint,,,
1783419915919029633,arm_link2_to_arm3_joint,,,
1783419915919029633,arm_link3_to_arm4_joint,,,
1783419915919029633,arm_link4_to_armFork_joint,,,
1783419916019032908,base_to_cylinder_joint,,,
1783419916019032908,cylinder_to_arm1_joint,,,
1783419916019032908,arm_link1_to_arm2_joint,,,
1783419916019032908,arm_link2_to_arm3_joint,,,
1783419916019032908,arm_link3_to_arm4_joint,,,
1783419916019032908,arm_link4_to_armFork_joint,,,
1783419916119085775,base_to_cylinder_joint,,,
1783419916119085775,cylinder_to_arm1_joint,,,
1783419916119085775,arm_link1_to_arm2_joint,,,
1783419916119085775,arm_link2_to_arm3_joint,,,
1783419916119085775,arm_link3_to_arm4_joint,,,
1783419916119085775,arm_link4_to_armFork_joint,,,
1783419916219074013,base_to_cylinder_joint,,,
1783419916219074013,cylinder_to_arm1_joint,,,
1783419916219074013,arm_link1_to_arm2_joint,,,
1783419916219074013,arm_link2_to_arm3_joint,,,
1783419916219074013,arm_link3_to_arm4_joint,,,
1783419916219074013,arm_link4_to_armFork_joint,,,
1783419916319073139,base_to_cylinder_joint,,,
1783419916319073139,cylinder_to_arm1_joint,,,
1783419916319073139,arm_link1_to_arm2_joint,,,
1783419916319073139,arm_link2_to_arm3_joint,,,
1783419916319073139,arm_link3_to_arm4_joint,,,
1783419916319073139,arm_link4_to_armFork_joint,,,
1783419916419076534,base_to_cylinder_joint,,,
1783419916419076534,cylinder_to_arm1_joint,,,
1783419916419076534,arm_link1_to_arm2_joint,,,
1783419916419076534,arm_link2_to_arm3_joint,,,
1783419916419076534,arm_link3_to_arm4_joint,,,
1783419916419076534,arm_link4_to_armFork_joint,,,
1783419916519067822,base_to_cylinder_joint,,,
1783419916519067822,cylinder_to_arm1_joint,,,
1783419916519067822,arm_link1_to_arm2_joint,,,
1783419916519067822,arm_link2_to_arm3_joint,,,
1783419916519067822,arm_link3_to_arm4_joint,,,
1783419916519067822,arm_link4_to_armFork_joint,,,
1783419916619065307,base_to_cylinder_joint,,,
1783419916619065307,cylinder_to_arm1_joint,,,
1783419916619065307,arm_link1_to_arm2_joint,,,
1783419916619065307,arm_link2_to_arm3_joint,,,
1783419916619065307,arm_link3_to_arm4_joint,,,
1783419916619065307,arm_link4_to_armFork_joint,,,
1783419916719090782,base_to_cylinder_joint,,,
1783419916719090782,cylinder_to_arm1_joint,,,
1783419916719090782,arm_link1_to_arm2_joint,,,
1783419916719090782,arm_link2_to_arm3_joint,,,
1783419916719090782,arm_link3_to_arm4_joint,,,
1783419916719090782,arm_link4_to_armFork_joint,,,
1783419916819073207,base_to_cylinder_joint,,,
1783419916819073207,cylinder_to_arm1_joint,,,
1783419916819073207,arm_link1_to_arm2_joint,,,
1783419916819073207,arm_link2_to_arm3_joint,,,
1783419916819073207,arm_link3_to_arm4_joint,,,
1783419916819073207,arm_link4_to_armFork_joint,,,
1783419916919084431,base_to_cylinder_joint,,,
1783419916919084431,cylinder_to_arm1_joint,,,
1783419916919084431,arm_link1_to_arm2_joint,,,
1783419916919084431,arm_link2_to_arm3_joint,,,
1783419916919084431,arm_link3_to_arm4_joint,,,
1783419916919084431,arm_link4_to_armFork_joint,,,
1783419917019072671,base_to_cylinder_joint,,,
1783419917019072671,cylinder_to_arm1_joint,,,
1783419917019072671,arm_link1_to_arm2_joint,,,
1783419917019072671,arm_link2_to_arm3_joint,,,
1783419917019072671,arm_link3_to_arm4_joint,,,
1783419917019072671,arm_link4_to_armFork_joint,,,
1783419917119063104,base_to_cylinder_joint,,,
1783419917119063104,cylinder_to_arm1_joint,,,
1783419917119063104,arm_link1_to_arm2_joint,,,
1783419917119063104,arm_link2_to_arm3_joint,,,
1783419917119063104,arm_link3_to_arm4_joint,,,
1783419917119063104,arm_link4_to_armFork_joint,,,
1783419917219085305,base_to_cylinder_joint,,,
1783419917219085305,cylinder_to_arm1_joint,,,
1783419917219085305,arm_link1_to_arm2_joint,,,
1783419917219085305,arm_link2_to_arm3_joint,,,
1783419917219085305,arm_link3_to_arm4_joint,,,
1783419917219085305,arm_link4_to_armFork_joint,,,
1783419917319087720,base_to_cylinder_joint,,,
1783419917319087720,cylinder_to_arm1_joint,,,
1783419917319087720,arm_link1_to_arm2_joint,,,
1783419917319087720,arm_link2_to_arm3_joint,,,
1783419917319087720,arm_link3_to_arm4_joint,,,
1783419917319087720,arm_link4_to_armFork_joint,,,
1783419917419056245,base_to_cylinder_joint,,,
1783419917419056245,cylinder_to_arm1_joint,,,
1783419917419056245,arm_link1_to_arm2_joint,,,
1783419917419056245,arm_link2_to_arm3_joint,,,
1783419917419056245,arm_link3_to_arm4_joint,,,
1783419917419056245,arm_link4_to_armFork_joint,,,
1783419917519066906,base_to_cylinder_joint,,,
1783419917519066906,cylinder_to_arm1_joint,,,
1783419917519066906,arm_link1_to_arm2_joint,,,
1783419917519066906,arm_link2_to_arm3_joint,,,
1783419917519066906,arm_link3_to_arm4_joint,,,
1783419917519066906,arm_link4_to_armFork_joint,,,
1783419917619073597,base_to_cylinder_joint,,,
1783419917619073597,cylinder_to_arm1_joint,,,
1783419917619073597,arm_link1_to_arm2_joint,,,
1783419917619073597,arm_link2_to_arm3_joint,,,
1783419917619073597,arm_link3_to_arm4_joint,,,
1783419917619073597,arm_link4_to_armFork_joint,,,
1783419917719071478,base_to_cylinder_joint,,,
1783419917719071478,cylinder_to_arm1_joint,,,
1783419917719071478,arm_link1_to_arm2_joint,,,
1783419917719071478,arm_link2_to_arm3_joint,,,
1783419917719071478,arm_link3_to_arm4_joint,,,
1783419917719071478,arm_link4_to_armFork_joint,,,
1783419917819363658,base_to_cylinder_joint,,,
1783419917819363658,cylinder_to_arm1_joint,,,
1783419917819363658,arm_link1_to_arm2_joint,,,
1783419917819363658,arm_link2_to_arm3_joint,,,
1783419917819363658,arm_link3_to_arm4_joint,,,
1783419917819363658,arm_link4_to_armFork_joint,,,
1783419917919170770,base_to_cylinder_joint,,,
1783419917919170770,cylinder_to_arm1_joint,,,
1783419917919170770,arm_link1_to_arm2_joint,,,
1783419917919170770,arm_link2_to_arm3_joint,,,
1783419917919170770,arm_link3_to_arm4_joint,,,
1783419917919170770,arm_link4_to_armFork_joint,,,
1783419918019077590,base_to_cylinder_joint,,,
1783419918019077590,cylinder_to_arm1_joint,,,
1783419918019077590,arm_link1_to_arm2_joint,,,
1783419918019077590,arm_link2_to_arm3_joint,,,
1783419918019077590,arm_link3_to_arm4_joint,,,
1783419918019077590,arm_link4_to_armFork_joint,,,
1783419918119028440,base_to_cylinder_joint,,,
1783419918119028440,cylinder_to_arm1_joint,,,
1783419918119028440,arm_link1_to_arm2_joint,,,
1783419918119028440,arm_link2_to_arm3_joint,,,
1783419918119028440,arm_link3_to_arm4_joint,,,
1783419918119028440,arm_link4_to_armFork_joint,,,
1783419918219039039,base_to_cylinder_joint,,,
1783419918219039039,cylinder_to_arm1_joint,,,
1783419918219039039,arm_link1_to_arm2_joint,,,
1783419918219039039,arm_link2_to_arm3_joint,,,
1783419918219039039,arm_link3_to_arm4_joint,,,
1783419918219039039,arm_link4_to_armFork_joint,,,
